<?xml version="1.0" encoding="UTF-8"?>
<GenRun Id="impl_1" LaunchPart="xc7a75tfgg484-1" LaunchTime="1584757596">
  <File Type="BITSTR-BMM" Name="BTPipeExample_bd.bmm"/>
  <File Type="OPT-METHODOLOGY-DRC" Name="BTPipeExample_methodology_drc_opted.rpt"/>
  <File Type="INIT-TIMING" Name="BTPipeExample_timing_summary_init.rpt"/>
  <File Type="ROUTE-PWR" Name="BTPipeExample_power_routed.rpt"/>
  <File Type="PA-TCL" Name="BTPipeExample.tcl"/>
  <File Type="OPT-TIMING" Name="BTPipeExample_timing_summary_opted.rpt"/>
  <File Type="OPT-DCP" Name="BTPipeExample_opt.dcp"/>
  <File Type="ROUTE-PWR-SUM" Name="BTPipeExample_power_summary_routed.pb"/>
  <File Type="REPORTS-TCL" Name="BTPipeExample_reports.tcl"/>
  <File Type="OPT-DRC" Name="BTPipeExample_drc_opted.rpt"/>
  <File Type="OPT-HWDEF" Name="BTPipeExample.hwdef"/>
  <File Type="PWROPT-DCP" Name="BTPipeExample_pwropt.dcp"/>
  <File Type="PWROPT-DRC" Name="BTPipeExample_drc_pwropted.rpt"/>
  <File Type="PWROPT-TIMING" Name="BTPipeExample_timing_summary_pwropted.rpt"/>
  <File Type="PLACE-DCP" Name="BTPipeExample_placed.dcp"/>
  <File Type="PLACE-IO" Name="BTPipeExample_io_placed.rpt"/>
  <File Type="PLACE-CLK" Name="BTPipeExample_clock_utilization_placed.rpt"/>
  <File Type="PLACE-UTIL" Name="BTPipeExample_utilization_placed.rpt"/>
  <File Type="PLACE-UTIL-PB" Name="BTPipeExample_utilization_placed.pb"/>
  <File Type="PLACE-CTRL" Name="BTPipeExample_control_sets_placed.rpt"/>
  <File Type="PLACE-SIMILARITY" Name="BTPipeExample_incremental_reuse_placed.rpt"/>
  <File Type="PLACE-PRE-SIMILARITY" Name="BTPipeExample_incremental_reuse_pre_placed.rpt"/>
  <File Type="PLACE-TIMING" Name="BTPipeExample_timing_summary_placed.rpt"/>
  <File Type="POSTPLACE-PWROPT-DCP" Name="BTPipeExample_postplace_pwropt.dcp"/>
  <File Type="BG-BIN" Name="BTPipeExample.bin"/>
  <File Type="POSTPLACE-PWROPT-TIMING" Name="BTPipeExample_timing_summary_postplace_pwropted.rpt"/>
  <File Type="PHYSOPT-DCP" Name="BTPipeExample_physopt.dcp"/>
  <File Type="PHYSOPT-DRC" Name="BTPipeExample_drc_physopted.rpt"/>
  <File Type="BITSTR-MSK" Name="BTPipeExample.msk"/>
  <File Type="PHYSOPT-TIMING" Name="BTPipeExample_timing_summary_physopted.rpt"/>
  <File Type="ROUTE-ERROR-DCP" Name="BTPipeExample_routed_error.dcp"/>
  <File Type="ROUTE-DCP" Name="BTPipeExample_routed.dcp"/>
  <File Type="ROUTE-BLACKBOX-DCP" Name="BTPipeExample_routed_bb.dcp"/>
  <File Type="ROUTE-DRC" Name="BTPipeExample_drc_routed.rpt"/>
  <File Type="ROUTE-DRC-PB" Name="BTPipeExample_drc_routed.pb"/>
  <File Type="ROUTE-DRC-RPX" Name="BTPipeExample_drc_routed.rpx"/>
  <File Type="BITSTR-MMI" Name="BTPipeExample.mmi"/>
  <File Type="ROUTE-METHODOLOGY-DRC" Name="BTPipeExample_methodology_drc_routed.rpt"/>
  <File Type="ROUTE-METHODOLOGY-DRC-RPX" Name="BTPipeExample_methodology_drc_routed.rpx"/>
  <File Type="ROUTE-METHODOLOGY-DRC-PB" Name="BTPipeExample_methodology_drc_routed.pb"/>
  <File Type="ROUTE-PWR-RPX" Name="BTPipeExample_power_routed.rpx"/>
  <File Type="ROUTE-STATUS" Name="BTPipeExample_route_status.rpt"/>
  <File Type="ROUTE-STATUS-PB" Name="BTPipeExample_route_status.pb"/>
  <File Type="ROUTE-TIMINGSUMMARY" Name="BTPipeExample_timing_summary_routed.rpt"/>
  <File Type="ROUTE-TIMING-PB" Name="BTPipeExample_timing_summary_routed.pb"/>
  <File Type="ROUTE-TIMING-RPX" Name="BTPipeExample_timing_summary_routed.rpx"/>
  <File Type="ROUTE-SIMILARITY" Name="BTPipeExample_incremental_reuse_routed.rpt"/>
  <File Type="ROUTE-CLK" Name="BTPipeExample_clock_utilization_routed.rpt"/>
  <File Type="ROUTE-BUS-SKEW" Name="BTPipeExample_bus_skew_routed.rpt"/>
  <File Type="ROUTE-BUS-SKEW-PB" Name="BTPipeExample_bus_skew_routed.pb"/>
  <File Type="ROUTE-BUS-SKEW-RPX" Name="BTPipeExample_bus_skew_routed.rpx"/>
  <File Type="POSTROUTE-PHYSOPT-DCP" Name="BTPipeExample_postroute_physopt.dcp"/>
  <File Type="POSTROUTE-PHYSOPT-BLACKBOX-DCP" Name="BTPipeExample_postroute_physopt_bb.dcp"/>
  <File Type="POSTROUTE-PHYSOPT-TIMING" Name="BTPipeExample_timing_summary_postroute_physopted.rpt"/>
  <File Type="POSTROUTE-PHYSOPT-TIMING-PB" Name="BTPipeExample_timing_summary_postroute_physopted.pb"/>
  <File Type="POSTROUTE-PHYSOPT-TIMING-RPX" Name="BTPipeExample_timing_summary_postroute_physopted.rpx"/>
  <File Type="POSTROUTE-PHYSOPT-BUS-SKEW" Name="BTPipeExample_bus_skew_postroute_physopted.rpt"/>
  <File Type="POSTROUTE-PHYSOPT-BUS-SKEW-PB" Name="BTPipeExample_bus_skew_postroute_physopted.pb"/>
  <File Type="BG-BIT" Name="BTPipeExample.bit"/>
  <File Type="POSTROUTE-PHYSOPT-BUS-SKEW-RPX" Name="BTPipeExample_bus_skew_postroute_physopted.rpx"/>
  <File Type="BITSTR-RBT" Name="BTPipeExample.rbt"/>
  <File Type="BITSTR-NKY" Name="BTPipeExample.nky"/>
  <File Type="PDI-FILE" Name="BTPipeExample.pdi"/>
  <File Type="RCFI_FILE" Name="BTPipeExample.rcfi"/>
  <File Type="CFI_FILE" Name="BTPipeExample.cfi"/>
  <File Type="RNPI_FILE" Name="BTPipeExample.rnpi"/>
  <File Type="NPI_FILE" Name="BTPipeExample.npi"/>
  <File Type="RBD_FILE" Name="BTPipeExample.rbd"/>
  <File Type="BITSTR-LTX" Name="debug_nets.ltx"/>
  <File Type="BITSTR-LTX" Name="BTPipeExample.ltx"/>
  <File Type="BITSTR-SYSDEF" Name="BTPipeExample.sysdef"/>
  <File Type="BG-BGN" Name="BTPipeExample.bgn"/>
  <File Type="BG-DRC" Name="BTPipeExample.drc"/>
  <File Type="RDI-RDI" Name="BTPipeExample.vdi"/>
  <File Type="WBT-USG" Name="usage_statistics_webtalk.html"/>
  <FileSet Name="sources" Type="DesignSrcs" RelSrcDir="$PSRCDIR/sources_1">
    <Filter Type="Srcs"/>
    <File Path="$PSRCDIR/sources_1/imports/lab8/ClockGenerator.v">
      <FileInfo>
        <Attr Name="ImportPath" Val="$PPRDIR/../ClockGenerator.v"/>
        <Attr Name="ImportTime" Val="1583849359"/>
        <Attr Name="UsedIn" Val="synthesis"/>
        <Attr Name="UsedIn" Val="implementation"/>
        <Attr Name="UsedIn" Val="simulation"/>
      </FileInfo>
    </File>
    <File Path="$PSRCDIR/sources_1/imports/lab8/SPI_write.v">
      <FileInfo>
        <Attr Name="ImportPath" Val="$PPRDIR/../SPI_write.v"/>
        <Attr Name="ImportTime" Val="1583534216"/>
        <Attr Name="UsedIn" Val="synthesis"/>
        <Attr Name="UsedIn" Val="implementation"/>
        <Attr Name="UsedIn" Val="simulation"/>
      </FileInfo>
    </File>
    <File Path="$PSRCDIR/sources_1/imports/XEM7310-A75/okBTPipeOut.v">
      <FileInfo>
        <Attr Name="ImportPath" Val="$PPRDIR/../../../../../../../../../../Program Files/Opal Kelly/FrontPanelUSB/FrontPanelHDL/XEM7310-A75/okBTPipeOut.v"/>
        <Attr Name="ImportTime" Val="1525201188"/>
        <Attr Name="UsedIn" Val="synthesis"/>
        <Attr Name="UsedIn" Val="implementation"/>
        <Attr Name="UsedIn" Val="simulation"/>
      </FileInfo>
    </File>
    <File Path="$PSRCDIR/sources_1/imports/XEM7310-A75/okCoreHarness.v">
      <FileInfo>
        <Attr Name="ImportPath" Val="$PPRDIR/../../../../../../../../../../Program Files/Opal Kelly/FrontPanelUSB/FrontPanelHDL/XEM7310-A75/okCoreHarness.v"/>
        <Attr Name="ImportTime" Val="1525201188"/>
        <Attr Name="UsedIn" Val="synthesis"/>
        <Attr Name="UsedIn" Val="implementation"/>
        <Attr Name="UsedIn" Val="simulation"/>
      </FileInfo>
    </File>
    <File Path="$PSRCDIR/sources_1/imports/XEM7310-A75/okLibrary.v">
      <FileInfo>
        <Attr Name="ImportPath" Val="$PPRDIR/../../../../../../../../../../Program Files/Opal Kelly/FrontPanelUSB/FrontPanelHDL/XEM7310-A75/okLibrary.v"/>
        <Attr Name="ImportTime" Val="1525201188"/>
        <Attr Name="UsedIn" Val="synthesis"/>
        <Attr Name="UsedIn" Val="implementation"/>
        <Attr Name="UsedIn" Val="simulation"/>
      </FileInfo>
    </File>
    <File Path="$PSRCDIR/sources_1/imports/XEM7310-A75/okWireIn.v">
      <FileInfo>
        <Attr Name="ImportPath" Val="$PPRDIR/../../../../../../../../../../Program Files/Opal Kelly/FrontPanelUSB/FrontPanelHDL/XEM7310-A75/okWireIn.v"/>
        <Attr Name="ImportTime" Val="1525201188"/>
        <Attr Name="UsedIn" Val="synthesis"/>
        <Attr Name="UsedIn" Val="implementation"/>
        <Attr Name="UsedIn" Val="simulation"/>
      </FileInfo>
    </File>
    <File Path="$PSRCDIR/sources_1/imports/lab8/BTPipeExample.v">
      <FileInfo>
        <Attr Name="ImportPath" Val="$PPRDIR/../BTPipeExample.v"/>
        <Attr Name="ImportTime" Val="1583849344"/>
        <Attr Name="UsedIn" Val="synthesis"/>
        <Attr Name="UsedIn" Val="implementation"/>
        <Attr Name="UsedIn" Val="simulation"/>
      </FileInfo>
    </File>
    <File Path="$PSRCDIR/sources_1/imports/XEM7310-A75/okLibrary.vhd">
      <FileInfo>
        <Attr Name="AutoDisabled" Val="1"/>
        <Attr Name="ImportPath" Val="$PPRDIR/../../../../../../../../../../Program Files/Opal Kelly/FrontPanelUSB/FrontPanelHDL/XEM7310-A75/okLibrary.vhd"/>
        <Attr Name="ImportTime" Val="1525201188"/>
        <Attr Name="UsedIn" Val="synthesis"/>
        <Attr Name="UsedIn" Val="simulation"/>
      </FileInfo>
    </File>
    <File Path="$PSRCDIR/sources_1/imports/lab8/SPI_read.v">
      <FileInfo>
        <Attr Name="AutoDisabled" Val="1"/>
        <Attr Name="ImportPath" Val="$PPRDIR/../SPI_read.v"/>
        <Attr Name="ImportTime" Val="1583534244"/>
        <Attr Name="UsedIn" Val="synthesis"/>
        <Attr Name="UsedIn" Val="implementation"/>
        <Attr Name="UsedIn" Val="simulation"/>
      </FileInfo>
    </File>
    <File Path="$PSRCDIR/sources_1/imports/XEM7310-A75/okBTPipeIn.v">
      <FileInfo>
        <Attr Name="AutoDisabled" Val="1"/>
        <Attr Name="ImportPath" Val="$PPRDIR/../../../../../../../../../../Program Files/Opal Kelly/FrontPanelUSB/FrontPanelHDL/XEM7310-A75/okBTPipeIn.v"/>
        <Attr Name="ImportTime" Val="1525201188"/>
        <Attr Name="UsedIn" Val="synthesis"/>
        <Attr Name="UsedIn" Val="implementation"/>
        <Attr Name="UsedIn" Val="simulation"/>
      </FileInfo>
    </File>
    <File Path="$PSRCDIR/sources_1/imports/XEM7310-A75/okPipeIn.v">
      <FileInfo>
        <Attr Name="AutoDisabled" Val="1"/>
        <Attr Name="ImportPath" Val="$PPRDIR/../../../../../../../../../../Program Files/Opal Kelly/FrontPanelUSB/FrontPanelHDL/XEM7310-A75/okPipeIn.v"/>
        <Attr Name="ImportTime" Val="1525201188"/>
        <Attr Name="UsedIn" Val="synthesis"/>
        <Attr Name="UsedIn" Val="implementation"/>
        <Attr Name="UsedIn" Val="simulation"/>
      </FileInfo>
    </File>
    <File Path="$PSRCDIR/sources_1/imports/XEM7310-A75/okPipeOut.v">
      <FileInfo>
        <Attr Name="AutoDisabled" Val="1"/>
        <Attr Name="ImportPath" Val="$PPRDIR/../../../../../../../../../../Program Files/Opal Kelly/FrontPanelUSB/FrontPanelHDL/XEM7310-A75/okPipeOut.v"/>
        <Attr Name="ImportTime" Val="1525201188"/>
        <Attr Name="UsedIn" Val="synthesis"/>
        <Attr Name="UsedIn" Val="implementation"/>
        <Attr Name="UsedIn" Val="simulation"/>
      </FileInfo>
    </File>
    <File Path="$PSRCDIR/sources_1/imports/XEM7310-A75/okRegisterBridge.v">
      <FileInfo>
        <Attr Name="AutoDisabled" Val="1"/>
        <Attr Name="ImportPath" Val="$PPRDIR/../../../../../../../../../../Program Files/Opal Kelly/FrontPanelUSB/FrontPanelHDL/XEM7310-A75/okRegisterBridge.v"/>
        <Attr Name="ImportTime" Val="1525201188"/>
        <Attr Name="UsedIn" Val="synthesis"/>
        <Attr Name="UsedIn" Val="implementation"/>
        <Attr Name="UsedIn" Val="simulation"/>
      </FileInfo>
    </File>
    <File Path="$PSRCDIR/sources_1/imports/XEM7310-A75/okTriggerIn.v">
      <FileInfo>
        <Attr Name="AutoDisabled" Val="1"/>
        <Attr Name="ImportPath" Val="$PPRDIR/../../../../../../../../../../Program Files/Opal Kelly/FrontPanelUSB/FrontPanelHDL/XEM7310-A75/okTriggerIn.v"/>
        <Attr Name="ImportTime" Val="1525201188"/>
        <Attr Name="UsedIn" Val="synthesis"/>
        <Attr Name="UsedIn" Val="implementation"/>
        <Attr Name="UsedIn" Val="simulation"/>
      </FileInfo>
    </File>
    <File Path="$PSRCDIR/sources_1/imports/XEM7310-A75/okTriggerOut.v">
      <FileInfo>
        <Attr Name="AutoDisabled" Val="1"/>
        <Attr Name="ImportPath" Val="$PPRDIR/../../../../../../../../../../Program Files/Opal Kelly/FrontPanelUSB/FrontPanelHDL/XEM7310-A75/okTriggerOut.v"/>
        <Attr Name="ImportTime" Val="1525201188"/>
        <Attr Name="UsedIn" Val="synthesis"/>
        <Attr Name="UsedIn" Val="implementation"/>
        <Attr Name="UsedIn" Val="simulation"/>
      </FileInfo>
    </File>
    <File Path="$PSRCDIR/sources_1/imports/XEM7310-A75/okWireOut.v">
      <FileInfo>
        <Attr Name="AutoDisabled" Val="1"/>
        <Attr Name="ImportPath" Val="$PPRDIR/../../../../../../../../../../Program Files/Opal Kelly/FrontPanelUSB/FrontPanelHDL/XEM7310-A75/okWireOut.v"/>
        <Attr Name="ImportTime" Val="1525201188"/>
        <Attr Name="UsedIn" Val="synthesis"/>
        <Attr Name="UsedIn" Val="implementation"/>
        <Attr Name="UsedIn" Val="simulation"/>
      </FileInfo>
    </File>
    <Config>
      <Option Name="DesignMode" Val="RTL"/>
      <Option Name="TopModule" Val="BTPipeExample"/>
    </Config>
  </FileSet>
  <FileSet Name="constrs_in" Type="Constrs" RelSrcDir="$PSRCDIR/constrs_1">
    <Filter Type="Constrs"/>
    <File Path="$PSRCDIR/constrs_1/imports/ECE437/xem7310_v1.xdc">
      <FileInfo>
        <Attr Name="ImportPath" Val="$PPRDIR/../../xem7310_v1.xdc"/>
        <Attr Name="ImportTime" Val="1582039226"/>
        <Attr Name="UsedIn" Val="synthesis"/>
        <Attr Name="UsedIn" Val="implementation"/>
      </FileInfo>
    </File>
    <Config>
      <Option Name="ConstrsType" Val="XDC"/>
    </Config>
  </FileSet>
  <FileSet Name="utils" Type="Utils" RelSrcDir="$PSRCDIR/utils_1">
    <Filter Type="Utils"/>
    <Config>
      <Option Name="TopAutoSet" Val="TRUE"/>
    </Config>
  </FileSet>
  <Strategy Version="1" Minor="2">
    <StratHandle Name="Vivado Implementation Defaults" Flow="Vivado Implementation 2018"/>
    <Step Id="init_design"/>
    <Step Id="opt_design"/>
    <Step Id="power_opt_design"/>
    <Step Id="place_design"/>
    <Step Id="post_place_power_opt_design"/>
    <Step Id="phys_opt_design"/>
    <Step Id="route_design"/>
    <Step Id="post_route_phys_opt_design"/>
    <Step Id="write_bitstream"/>
  </Strategy>
  <BlockFileSet Type="BlockSrcs" Name="fifo_generator_0"/>
</GenRun>
